Date,Open,High,Low,Close/Last,Volume
2021-04-09,250.509995,252.839996,249.440002,252.360001,12234800
2021-04-08,251.699997,254.949997,249.309998,254.949997,9899900
2021-04-07,255.309998,255.899994,250.830002,252.580002,9925700
2021-04-06,257.209991,259.350006,254.660004,255.169998,11180300
2021-04-05,256.559998,260.480011,256.25,259.359985,13750300
2021-04-01,256.670013,257.880005,251.309998,252.960007,10915000
2021-03-31,254.699997,257.880005,253.360001,254.720001,14138500
2021-03-30,251.240005,253.5,248.910004,252.009995,12577300
2021-03-29,251.300003,254.710007,248.029999,250.520004,22198800
2021-03-26,249.619995,250.899994,240.300003,244.869995,17130700
2021-03-25,234.339996,247.580002,231.699997,247.190002,27553600
2021-03-24,243.75,248.800003,239.059998,239.240005,24055100
2021-03-23,249.259995,251.300003,239.429993,241.25,21358200
2021-03-22,255.820007,257.670013,250.160004,251.229996,15230000
2021-03-19,257.75,258.880005,251.309998,255.820007,17254300
2021-03-18,261.320007,267.369995,254.729996,256.059998,24548000
2021-03-17,254.699997,263.609985,253.679993,263.589996,23529600
2021-03-16,263.230011,264.170013,254.020004,255.210007,28599000
2021-03-15,274.149994,278.570007,264.329987,265.630005,34816700
2021-03-12,253.860001,269.720001,253.5,269.190002,35209600
2021-03-11,248.770004,256.649994,246.550003,252,30091800
2021-03-10,233.809998,246.800003,232.880005,245.339996,27659800
2021-03-09,226.809998,234.059998,222.580002,230.610001,20952300
2021-03-08,226.669998,229.889999,223.710007,224.029999,13807100
2021-03-05,229.009995,229.919998,213.800003,223.220001,19983300
2021-03-04,232.729996,237.100006,218.699997,224.710007,26556900
2021-03-03,226.360001,235.399994,225.039993,228.559998,30362100
2021-03-02,224.789993,227.190002,222.149994,223.139999,11094500
2021-03-01,219.600006,226.979996,219.020004,224.389999,18709300
2021-02-26,218.509995,220.660004,211.289993,212.009995,12811900
2021-02-25,227.800003,228.5,214.710007,216.449997,19283000
2021-02-24,212.100006,229.610001,211.600006,229.339996,30709300
2021-02-23,214.149994,214.75,206.600006,212.119995,15996700
2021-02-22,211.889999,220.389999,210.800003,212.880005,21413700
2021-02-19,209.970001,217.639999,209.149994,217.470001,12415300
2021-02-18,213.449997,214.339996,208.080002,208.479996,9121300
2021-02-17,215.520004,218.710007,212.679993,215.520004,9276000
2021-02-16,213.080002,217.399994,212.330002,217.179993,10171100
2021-02-12,210.360001,213.160004,209.669998,210.979996,5997800
2021-02-11,212.240005,213.990005,208.570007,210.660004,7096800
2021-02-10,215.649994,217.490005,211.119995,211.919998,11510700
2021-02-09,210.600006,216.729996,208.899994,215.119995,13615700
2021-02-08,209.550003,211.990005,208.300003,211.949997,11182100
2021-02-05,212.25,213.199997,206.660004,207.929993,9528900
2021-02-04,209.869995,212.479996,208.020004,210.639999,11869900
2021-02-03,202,208.160004,201.259995,207.389999,11836900
2021-02-02,198.979996,203.029999,198.089996,200.940002,11130600
2021-02-01,196,197.380005,192.860001,195.839996,9061900
2021-01-29,198.300003,201.570007,193.119995,194.190002,13655600
2021-01-28,198.050003,200.419998,196,197.229996,10403200
2021-01-27,196.899994,199.470001,191.850006,194.029999,20948500
2021-01-26,205.339996,208.350006,201.789993,202.059998,11011800
2021-01-25,203.270004,203.800003,199.300003,203.360001,14276200
2021-01-22,205.550003,206.699997,204.270004,205.839996,7514600
2021-01-21,211.720001,211.929993,206.339996,207.410004,11119800
2021-01-20,213.240005,215.589996,211.210007,211.449997,9727000
2021-01-19,206.990005,211.520004,206.520004,210.710007,11947200
2021-01-15,208.960007,209.25,204.199997,204.320007,11103300
2021-01-14,208.789993,214.190002,208.210007,209.910004,12446800
2021-01-13,207.149994,208.789993,204.850006,207.210007,8570500
2021-01-12,206.649994,209.059998,204.809998,208.410004,12836200
2021-01-11,203.029999,207.779999,201.009995,206.789993,16789300
2021-01-08,213.610001,214.100006,208.160004,209.899994,14144000
2021-01-07,213.389999,216.600006,211.779999,212.710007,14474100
2021-01-06,210.220001,215.610001,209.339996,211.029999,16202200
2021-01-05,204.740005,213.350006,204.600006,211.630005,19338300
2021-01-04,210,210.199997,202.490005,202.720001,21225600
2020-12-31,216.240005,216.899994,212.699997,214.059998,10487600
2020-12-30,216.360001,218.550003,214.369995,216.669998,10812600
2020-12-29,218.300003,221.679993,215.399994,216.25,14593800
2020-12-28,218.190002,219.199997,215.160004,216.089996,9090600
2020-12-24,219.619995,219.880005,216.050003,217.149994,6398500
2020-12-23,219.550003,224.399994,219.320007,219.690002,10869000
2020-12-22,223.279999,223.889999,217.699997,218.779999,13280000
2020-12-21,212.339996,219.429993,211.100006,219.309998,18726500
2020-12-18,222.050003,223.460007,218.610001,219.75,19092800
2020-12-17,227.240005,228.490005,220.529999,221.240005,17465600
2020-12-16,229.330002,232.369995,225.300003,225.869995,17858400
2020-12-15,230,232.5,224.360001,229.5,19013200
2020-12-14,235,237.630005,228.369995,228.619995,19231200
2020-12-11,232.820007,236.220001,228.330002,230.330002,17311800
2020-12-10,228.100006,237.009995,228.020004,234.429993,16185000
2020-12-09,238.639999,240.839996,228.279999,232.059998,19043600
2020-12-08,238.699997,241.699997,234.460007,236.570007,19682000
2020-12-07,238.5,244.080002,237.110001,238.169998,33246700
2020-12-04,236.360001,238.179993,230.25,232.710007,29378400
2020-12-03,228.300003,242,226.529999,237.199997,45945100
2020-12-02,213.009995,224.990005,210.300003,223.850006,25912300
2020-12-01,214.309998,218.089996,213,213.009995,15805200
2020-11-30,215.699997,217.779999,208.520004,210.710007,16501900
2020-11-27,218.25,219.929993,216.039993,216.5,9970200
2020-11-25,217.710007,221,213.089996,217.610001,19254100
2020-11-24,219.429993,222.949997,215.759995,218.490005,31132000
2020-11-23,203.240005,214.210007,201.869995,211.529999,28372400
2020-11-20,204.589996,206.580002,199.169998,199.619995,18230900
2020-11-19,200.449997,209.440002,199.899994,205.669998,34236100
2020-11-18,223.020004,223.020004,203,203.300003,65990700
2020-11-17,200.25,211.199997,196.050003,210.050003,38299300
2020-11-16,194.559998,202.940002,191.350006,202.399994,40562800
2020-11-13,179,187.270004,178.710007,187.110001,19724500
2020-11-12,178.949997,184.589996,176.25,176.720001,20288400
2020-11-11,189.889999,190,180.410004,182.149994,29907800
2020-11-10,182.800003,193.949997,180.380005,188.690002,46404300
2020-11-09,179,184.460007,172.160004,179.360001,49014400
2020-11-06,156.330002,158.470001,154.520004,157.740005,8995600
2020-11-05,152.479996,157.630005,152.100006,157.089996,12328300
2020-11-04,153.169998,155.399994,151.169998,151.630005,11344700
2020-11-03,151.830002,154.820007,150.639999,153.649994,12249800
2020-11-02,145.75,149.589996,143.380005,148.600006,13854600
2020-10-30,147.199997,149.169998,141.580002,144.389999,15374700
2020-10-29,148.029999,150.100006,146.600006,148.289993,14554300
2020-10-28,153,153.949997,148,148.139999,20279800
2020-10-27,159.160004,160.25,155,155.240005,15491900
2020-10-26,164.949997,165.5,159.050003,160.830002,16151100
2020-10-23,169.990005,170.259995,166.050003,167.360001,10024200
2020-10-22,164.699997,169.630005,164.100006,169.070007,14238200
2020-10-21,166.440002,167.630005,163.820007,163.860001,11450600
2020-10-20,168.289993,169.289993,166.179993,167.240005,12319900
2020-10-19,169.089996,170.839996,166.110001,167.110001,16519600
2020-10-16,171.220001,173.419998,167.270004,167.350006,31780600
2020-10-15,161.009995,164.539993,158.729996,164.240005,13226800
2020-10-14,162.699997,165.169998,162.490005,163.240005,10541800
2020-10-13,165.360001,165.529999,162.089996,162.139999,15182600
2020-10-12,167.75,169.199997,165.949997,167.350006,12176600
2020-10-09,169.929993,170,166.820007,167.330002,17406000
2020-10-08,166.220001,168.089996,163.539993,168,20598600
2020-10-07,163.710007,166.339996,162.380005,164.610001,26019100
2020-10-06,173.039993,175.559998,159.330002,159.539993,47132500
2020-10-05,169.490005,172.080002,167.509995,171.199997,19082100
2020-10-02,161.860001,169.779999,161.800003,168.080002,31773800
2020-10-01,170.149994,172.759995,165.570007,167.860001,30677100
2020-09-30,164.5,170.979996,164.110001,165.259995,38436700
2020-09-29,164.770004,165.5,162.009995,163.600006,19874700
2020-09-28,160.330002,168,159.199997,166.080002,38868200
2020-09-25,146.850006,156.309998,146.419998,156.029999,29123000
2020-09-24,150.289993,150.309998,145.020004,146.050003,27098100
2020-09-23,157.330002,160.419998,150.889999,151.179993,18247500
2020-09-22,156.809998,160.070007,154.949997,156.800003,17768900
2020-09-21,157.830002,158.830002,154.199997,156.350006,23125300
2020-09-18,165.660004,169.720001,161.020004,161.139999,22057100
2020-09-17,164.630005,168.460007,161.050003,167.529999,19717800
2020-09-16,161.949997,170.570007,160.309998,167.460007,21851400
2020-09-15,166.649994,168.839996,163.330002,163.490005,14881700
2020-09-14,161.75,165.940002,158.899994,165.350006,17228400
2020-09-11,158,161.360001,156.320007,160.229996,14722400
2020-09-10,160.960007,163.779999,157.570007,157.690002,14532600
2020-09-09,161.610001,163.059998,157,160.779999,21951400
2020-09-08,165.800003,166.899994,160.5,161.080002,22622700
2020-09-04,171.309998,172.830002,164,171.050003,18867300
2020-09-03,175,180.850006,168.119995,168.770004,27799400
2020-09-02,172.740005,175,171.449997,174.779999,16552100
2020-09-01,170.710007,175.490005,169.25,172.100006,18997400
2020-08-31,174.649994,175.270004,171.699997,171.820007,16264300
2020-08-28,175.110001,177.279999,172.570007,175.800003,20383900
2020-08-27,174.710007,181.309998,173.559998,174.199997,29548100
2020-08-26,173.800003,174.429993,171.350006,171.899994,16189800
2020-08-25,180.460007,180.630005,172.440002,174.729996,31318500
2020-08-24,168.779999,178.270004,167.929993,178.270004,39317100
2020-08-21,168.350006,170.080002,167.270004,167.5,16945900
2020-08-20,168.539993,170.839996,165.860001,169.580002,23213400
2020-08-19,170.440002,174.100006,169.089996,169.270004,25601500
2020-08-18,172.009995,173.240005,169.009995,170.229996,21488500
2020-08-17,178.240005,178.289993,171.410004,172.009995,23352100
2020-08-14,173.089996,179.470001,172.350006,178.080002,32414100
2020-08-13,173.619995,179.470001,172.429993,174.729996,22958800
2020-08-12,184.009995,184.149994,173.190002,175.440002,40702400
2020-08-11,184.509995,189.970001,179.529999,180.130005,61036600
2020-08-10,171.360001,179.789993,171.330002,179.410004,35857700
2020-08-07,171.5,171.860001,168.699997,170.020004,19318000
2020-08-06,172.800003,175.570007,170.600006,172.199997,32921600
2020-08-05,167.600006,174.979996,166.399994,174.279999,46551000
2020-08-04,164.630005,167.399994,163.009995,165.070007,30853500
2020-08-03,156.509995,163.580002,153.410004,162.270004,38520500
2020-07-31,161.550003,163.399994,156.259995,158,30286700
2020-07-30,162.880005,164.550003,160.639999,161.949997,29140000
2020-07-29,172.899994,173.009995,162.25,166.009995,51709600
2020-07-28,168.5,173.740005,168.229996,170.839996,25349100
2020-07-27,173.190002,174.139999,169,170.210007,30243800
2020-07-24,175.679993,181.100006,173.600006,173.759995,28548000
2020-07-23,178,182.5,175.419998,176.449997,29587200
2020-07-22,176.429993,182.949997,175.389999,179.789993,29790300
2020-07-21,178.429993,182.649994,176.75,178.630005,40774500
2020-07-20,175.130005,176.570007,171.619995,174.419998,25294300
2020-07-17,178.410004,181.100006,175.550003,175.660004,26170500
2020-07-16,184.320007,184.589996,177.339996,178.699997,35050000
2020-07-15,185.539993,189.529999,181.25,187.940002,48044800
2020-07-14,177,181.300003,173.410004,179.960007,39256200
2020-07-13,180.199997,183.25,174.360001,175.649994,43364700
2020-07-10,171.699997,179.330002,169.75,178.440002,40955600
2020-07-09,179.669998,180.75,172.809998,173.279999,33514500
2020-07-08,179.050003,181.580002,175.509995,180.080002,38116200
2020-07-07,185.070007,185.070007,178.649994,178.880005,37105300
2020-07-06,184.520004,189.360001,181.600006,187.910004,49471700
2020-07-02,185.580002,187.789993,180.429993,180.809998,41792300
2020-07-01,185.880005,190.610001,180.039993,180.320007,49036700
2020-06-30,188.020004,188.490005,180.380005,183.300003,65493100
2020-06-29,181,194.5,176.270004,194.490005,78499900
2020-06-26,173.419998,173.850006,167.600006,170.009995,50644400
2020-06-25,169.869995,177.5,169.589996,174.880005,57335700
2020-06-24,183.610001,185.199997,176.070007,176.690002,56534800
2020-06-23,189.300003,190.119995,183.550003,187.880005,50281300
2020-06-22,184.559998,188.699997,181.899994,188.520004,53901500
2020-06-19,197.899994,197.960007,184.570007,187.020004,67262100
2020-06-18,188.240005,198.029999,187.199997,192.289993,60849900
2020-06-17,194.520004,196.429993,191.25,192.539993,53085400
2020-06-16,207.149994,208.300003,192.600006,197.770004,76496900
2020-06-15,177.179993,193.229996,175.889999,190.940002,78612900
2020-06-12,187.149994,191.300003,176.259995,189.509995,89550100
2020-06-11,179.350006,192.179993,166.009995,170,103212800
2020-06-10,211.169998,213.029999,197.399994,203.410004,90384900
2020-06-09,222.139999,227,213.080002,216.740005,66688700
2020-06-08,222.940002,234.199997,218.929993,230.5,80902800
2020-06-05,205,218.789993,197.360001,205.429993,99846000
2020-06-04,181.279999,188.600006,177.399994,184.300003,67155600
2020-06-03,157.100006,173.779999,155.490005,173.160004,66486400
2020-06-02,154,155.850006,151.809998,153.309998,24780500
2020-06-01,145.449997,153.550003,144.550003,151.389999,27127300
2020-05-29,145.300003,152,142.940002,145.850006,33905100
2020-05-28,156.100006,156.699997,149.050003,149.820007,34734300
2020-05-27,149.139999,149.649994,141.240005,149.520004,32799900
2020-05-26,145.210007,145.910004,142.610001,144.729996,30338300
2020-05-22,141.009995,141.080002,135.779999,137.529999,21098800
2020-05-21,137,144.240005,136.149994,139,48263900
2020-05-20,133.270004,135.449997,131.309998,133.320007,21835500
2020-05-19,137,137.039993,130.279999,130.440002,32373000
2020-05-18,126.18,136.199997,125.800003,135.440002,43891500
2020-05-15,118.330002,121.889999,117.779999,120,26756800
2020-05-14,118.980003,122.610001,113.889999,122.519997,37499200
2020-05-13,125,125.07,119.330002,121.5,26002000
2020-05-12,129.720001,133.119995,125.199997,125.220001,22579000
2020-05-11,130.919998,131,127.949997,128.910004,20055400
2020-05-08,132.570007,135.550003,131.559998,133.440002,22739700
2020-05-07,122.809998,130.710007,122.360001,128.649994,29525000
2020-05-06,125.800003,126.860001,121.370003,121.860001,29627700
2020-05-05,132.880005,133.800003,125,125.400002,30621000
2020-05-04,127.120003,131.5,124.349998,131.460007,30708900
2020-05-01,143.229996,143.710007,132.839996,133.369995,36613100
2020-04-30,137.669998,144.649994,132.309998,141.020004,37876600
2020-04-29,138.080002,147.179993,135.25,139,60454400
2020-04-28,133.880005,137.199997,127.739998,131.300003,37806900
2020-04-27,129.970001,131.199997,123.830002,128.679993,34563000
2020-04-24,137,137.570007,128.330002,128.979996,35947700
2020-04-23,136.5,142.380005,136.050003,137.740005,25936400
2020-04-22,140.419998,140.820007,134.520004,134.970001,22842600
2020-04-21,139.009995,141.899994,135.449997,136.330002,27043800
2020-04-20,147.210007,151.630005,142.5,143.610001,34983800
2020-04-17,149.410004,154,145,154,52389400
2020-04-16,141.460007,143.240005,134,134.240005,41364800
2020-04-15,139,148.690002,132.899994,145.979996,39297600
2020-04-14,150.509995,152.399994,140,141,33970500
2020-04-13,155.5,156,146.259995,147.330002,26034100
2020-04-09,154.710007,157.979996,150.089996,151.839996,38049500
2020-04-08,147.509995,154,144.550003,146.869995,41351000
2020-04-07,162,164.800003,140.259995,141.580002,56699100
2020-04-06,133.699997,149.690002,129.210007,148.770004,51085500
2020-04-03,125,131.289993,122.5,124.519997,37347400
2020-04-02,128.509995,136.679993,120.019997,123.269997,42372400
2020-04-01,138.910004,144.380005,130,130.699997,41899700
2020-03-31,155,160.639999,149,149.139999,29954000
2020-03-30,153.809998,153.809998,140.679993,152.279999,51052500
2020-03-27,172,172.919998,155.539993,162,47880200
2020-03-26,172.289993,186.479996,167.179993,180.550003,63267300
2020-03-25,154.899994,174.770004,141,158.729996,77826000
2020-03-24,123.68,127.959999,116.129997,127.68,43683100
2020-03-23,98.75,114.489998,93.559998,105.620003,46140100
2020-03-20,99.849998,107,94.279999,95.010002,41370700
2020-03-19,98.800003,103.57,90.349998,97.709999,40210600
2020-03-18,99.860001,107.849998,89,101.889999,61943200
2020-03-17,132.509995,134.960007,101.25,124.139999,54492200
2020-03-16,149.419998,151,128.759995,129.610001,26844400
2020-03-13,174.970001,178.279999,161.380005,170.199997,21168500
2020-03-12,160.529999,189.850006,154.809998,154.839996,31734400
2020-03-11,222.990005,226.990005,187,189.080002,28503500
2020-03-10,237,237.830002,215,231.009995,13059600
2020-03-09,238,241.479996,224.369995,227.169998,11585500
2020-03-06,253.699997,264.290009,249.800003,262.329987,12861800
2020-03-05,275.790009,276.309998,259.649994,260.369995,14669100
2020-03-04,284.549988,285.910004,277.01001,283.119995,6986100
2020-03-03,292,297.440002,278.079987,280.619995,7499300
2020-03-02,279.540009,291.709991,274.290009,289.269989,11012300
2020-02-28,278.070007,282.859985,269.600006,275.109985,15375100
2020-02-27,300.369995,301,284.290009,287.76001,10982400
2020-02-26,307,315.220001,304.059998,305.589996,6987300
2020-02-25,318.26001,320.640015,303.630005,304.140015,8052500
2020-02-24,320,321.73999,316.329987,317.899994,6073200
2020-02-21,334.049988,334.660004,330.230011,330.380005,3709900
2020-02-20,338.290009,341.23999,335.390015,336.279999,2807500
2020-02-19,338.119995,341.470001,335.859985,338.299988,4935700
2020-02-18,338.769989,339.98999,336.100006,338.880005,2904600
2020-02-14,342.299988,344.5,338,340.48999,4199800
2020-02-13,344.320007,347.890015,342.630005,342.820007,3783100
2020-02-12,346.420013,349.950012,345.850006,347.450012,4421500
2020-02-11,347.640015,348.070007,342.100006,344.420013,5311500
2020-02-10,337.220001,345.940002,336.320007,344.670013,5876400
2020-02-07,340.369995,340.73999,335.690002,336.75,5337800
2020-02-06,330.910004,343.440002,325.660004,341.429993,12845500
2020-02-05,320.5,329.679993,319.230011,329.549988,6071800
2020-02-04,318.279999,319.480011,315.029999,317.940002,3779800
2020-02-03,318.75,320.73999,314.880005,316,4847700
2020-01-31,321.75,321.929993,316.98999,318.269989,4999600
2020-01-30,320.5,325.350006,317.640015,323.299988,6022000
2020-01-29,324.350006,327.179993,319.140015,322.019989,12454700
2020-01-28,318.049988,319.359985,314,316.559998,5502200
2020-01-27,316.209991,321.26001,314.579987,316.600006,7468100
2020-01-24,322,326.200012,312.51001,323.049988,17798200
2020-01-23,308.5,318.170013,307.700012,317.790009,9702100
2020-01-22,309.820007,312.839996,302.720001,309,18792600
2020-01-21,322.600006,326.600006,305.75,313.369995,19318000
2020-01-17,332.390015,332.5,323,324.149994,11061700
2020-01-16,331.049988,332.869995,329.309998,332,4024100
2020-01-15,332.350006,333.109985,329.690002,329.799988,4578300
2020-01-14,330.76001,335.350006,328.279999,332.350006,6945300
2020-01-13,332.399994,334.100006,330.079987,330.220001,5648500
2020-01-10,335.559998,337.700012,329.450012,329.920013,7161700
2020-01-09,334.950012,341.730011,332.049988,336.339996,8175600
2020-01-08,332.399994,334.029999,329.600006,331.369995,8239200
2020-01-07,334.26001,344.190002,330.709991,337.279999,9898600
2020-01-06,329.299988,334.859985,327.880005,333.73999,5355000
2020-01-03,330.630005,334.890015,330.299988,332.76001,3875900
2020-01-02,328.549988,333.350006,327.700012,333.320007,4544400
2019-12-31,325.410004,326.570007,323.320007,325.76001,4958800
2019-12-30,330.5,330.630005,325.709991,326.399994,4525500
2019-12-27,330.200012,333.649994,329.170013,330.140015,4124000
2019-12-26,332.700012,333.359985,329.299988,329.920013,4593400
2019-12-24,339.51001,339.75,332.619995,333,4120100
2019-12-23,336.75,340.589996,334.200012,337.549988,9534800
2019-12-20,334.619995,335.5,328,328,9489400
2019-12-19,332.899994,334.809998,330.980011,333.5,5492600
2019-12-18,328.720001,335.25,328.140015,330.679993,7029300
2019-12-17,322.059998,330.950012,320.609985,327,13526400
2019-12-16,328.529999,336.230011,326.429993,327,16488200
2019-12-13,346.299988,349.309998,341.100006,341.670013,4526300
2019-12-12,348.25,351.070007,341,346.290009,5970000
2019-12-11,342.100006,350.029999,338.5,350,7369100
2019-12-10,350.149994,351.399994,347.450012,347.899994,2920900
2019-12-09,352.670013,353.600006,349.570007,351.209991,2844600
2019-12-06,347.73999,354.399994,347.109985,354.089996,2856100
2019-12-05,350.220001,350.420013,345.589996,345.679993,4719600
2019-12-04,354.700012,355.290009,348.820007,348.839996,3014200
2019-12-03,352.089996,355.559998,347.609985,352.079987,4683500
2019-12-02,367.079987,367.380005,355.160004,355.179993,4794500
2019-11-29,367.5,368.299988,366.179993,366.179993,1390900
2019-11-27,369.959991,371.829987,366.799988,368,4145000
2019-11-26,373.660004,374.769989,371.359985,373.51001,2859000
2019-11-25,372.519989,374.299988,369.200012,373.130005,3324400
2019-11-22,368.269989,373.549988,366.609985,371.339996,3915700
2019-11-21,369.75,370.76001,366.26001,366.440002,2703800
2019-11-20,366,370.98999,365.75,370.910004,3774800
2019-11-19,373.51001,374.829987,361.609985,367,6670200
2019-11-18,371.670013,375.600006,367.899994,369.459991,3823800
2019-11-15,370,373.480011,369.299988,371.679993,5493100
2019-11-14,363.100006,368.480011,361.480011,367.440002,5339600
2019-11-13,361.869995,366.619995,361.119995,362.5,3453700
2019-11-12,366.48999,367.109985,360.01001,362.880005,5769700
2019-11-11,349.040009,369.75,345.559998,366.959991,11483400
2019-11-08,356.399994,357,350.549988,351,3218200
2019-11-07,356.119995,359.399994,355.049988,357.309998,2834500
2019-11-06,358.859985,359.399994,353.130005,354.190002,3815700
2019-11-05,355.230011,361.609985,353.190002,358.290009,5468900
2019-11-04,346.459991,351.450012,346.049988,351.089996,3703000
2019-11-01,340.589996,345.190002,339.5,345.190002,3538200
2019-10-31,344.700012,346.059998,339.450012,339.910004,3868400
2019-10-30,346.630005,350,343.269989,346.059998,3997600
2019-10-29,340.190002,349.720001,339.220001,348.929993,6113600
2019-10-28,341.5,344.980011,339.48999,340.880005,3234500
2019-10-25,342.920013,343.369995,338.899994,339.829987,4058000
2019-10-24,341.700012,345.73999,337.769989,344.549988,5382700
2019-10-23,345,350.799988,336.5,340.5,10960800
2019-10-22,336.070007,341.480011,334.459991,337,7949700
2019-10-21,332.890015,334.23999,324.399994,331.059998,15493100
2019-10-18,369,369.350006,344,344,13544300
2019-10-17,372.420013,373.799988,369.059998,369.059998,2397100
2019-10-16,370.220001,377.420013,369.23999,372.429993,3657100
2019-10-15,372.579987,373.529999,370.529999,370.959991,2836600
2019-10-14,374.25,378.700012,372.679993,373.179993,2124500
2019-10-11,373,376.940002,370.079987,374.920013,3935400
2019-10-10,373.700012,374.540009,370.329987,371,2723700
2019-10-09,376,377.859985,373.5,374.959991,2774100
2019-10-08,371.049988,377.339996,368.640015,374.100006,4030200
2019-10-07,374.059998,378.149994,373.059998,376.540009,1931800
2019-10-04,372.25,376.130005,371.720001,375.700012,2008400
2019-10-03,366.209991,372.25,363.230011,372.070007,2623900
2019-10-02,371.850006,372.98999,363.769989,367.359985,3698300
2019-10-01,381.700012,382.850006,374.630005,374.940002,2943800
2019-09-30,383,383.769989,376.690002,380.470001,3183300
2019-09-27,388.190002,389.690002,381.309998,382.859985,2730800
2019-09-26,387.100006,388.230011,383.329987,386.890015,2520400
2019-09-25,384.910004,391,383.100006,386.200012,4705500
2019-09-24,379.540009,381.890015,375.309998,381.649994,3533300
2019-09-23,376.609985,380.100006,374.420013,377.029999,2674900
2019-09-20,384.109985,384.730011,377.920013,379.390015,6643000
2019-09-19,386.140015,388.519989,382.899994,384.440002,2928800
2019-09-18,383.25,386.73999,379.799988,386.410004,4186400
2019-09-17,378.410004,385.309998,377.799988,384.200012,3269500
2019-09-16,378.140015,381.630005,375,378.850006,3055500
2019-09-13,377.390015,381.75,377.049988,379.76001,3628900
2019-09-12,383.709991,384,374.309998,375.630005,4495300
2019-09-11,368.73999,383.5,368,382.940002,8437000
2019-09-10,359,369.48999,358.549988,369.48999,4547200
2019-09-09,357.980011,360.929993,354.730011,358.779999,4183300
2019-09-06,361.609985,364.910004,359.119995,363,3022600
2019-09-05,360.140015,364.709991,359.130005,360.299988,3643300
2019-09-04,357.679993,358.029999,354.429993,356.529999,2737100
2019-09-03,354.109985,355.320007,350.609985,354.420013,4272200
2019-08-30,364.369995,366.369995,362.399994,364.089996,3147000
2019-08-29,363.850006,366.040009,360.170013,362.73999,2717500
2019-08-28,353.309998,360.190002,351.179993,359.970001,2402000
2019-08-27,359.420013,361.309998,353.619995,354.730011,3740300
2019-08-26,365.040009,367.339996,356.890015,359.040009,4661100
2019-08-23,355.350006,369.690002,354.350006,356.01001,11518700
2019-08-22,342.429993,356.440002,341.01001,354.410004,8320900
2019-08-21,335.480011,342.579987,333.209991,339.98999,3265600
2019-08-20,332.470001,333.5,328.880005,331.75,2039000
2019-08-19,334.179993,335.910004,331.399994,333.779999,2335600
2019-08-16,330.220001,331.160004,326.480011,330.450012,3866600
2019-08-15,323,328.070007,319.549988,328,4721800
2019-08-14,328.350006,329.540009,320.410004,320.420013,5110400
2019-08-13,331.820007,337.399994,330.5,332.859985,3689700
2019-08-12,333.679993,336.01001,331.369995,332.940002,2683400
2019-08-09,334.059998,339.079987,333.170013,337.549988,3102900
2019-08-08,331.299988,336.429993,328.859985,336.350006,3673000
2019-08-07,328.600006,333.649994,324.570007,331.380005,4187600
2019-08-06,333.98999,335.700012,329.140015,332.450012,3653300
2019-08-05,332.459991,333.369995,326.959991,331.059998,5876100
2019-08-02,334.559998,340.540009,332.320007,339.559998,4675400
2019-08-01,341.910004,344.290009,333,334.290009,6465300
2019-07-31,348.48999,351.290009,341.049988,341.179993,5219700
2019-07-30,339.839996,347.48999,336.559998,347.459991,4528000
2019-07-29,344.98999,346.079987,339.109985,340.209991,4116600
2019-07-26,346.200012,348.429993,342,345,4441100
2019-07-25,356.179993,357.690002,345.709991,348.089996,9663700
2019-07-24,370.279999,371.359985,360.029999,361.429993,7447900
2019-07-23,374.269989,376.429993,370.679993,373.070007,3354900
2019-07-22,376.940002,382.480011,371.890015,373.420013,4265100
2019-07-19,370.670013,378.399994,368.5,377.359985,9504000
2019-07-18,367.600006,368.450012,359.75,361.109985,4582800
2019-07-17,362.75,369.75,362,369.519989,4010000
2019-07-16,361.26001,365.350006,361.200012,362.75,2960400
2019-07-15,360.5,362.850006,359.019989,361.609985,4814600
2019-07-12,360,365.450012,358.140015,365.329987,3592800
2019-07-11,352.619995,359.26001,350.700012,359,5059200
2019-07-10,354.48999,356.519989,351.25,352.299988,2946700
2019-07-09,349.049988,353.850006,347.899994,353.089996,4828200
2019-07-08,350.410004,352.959991,349.399994,351.119995,3262300
2019-07-05,354,357.25,351.429993,355.859985,3208200
2019-07-03,354.5,354.850006,352.26001,354.470001,2164900
2019-07-02,355.630005,356.779999,352.690002,354.160004,3774700
2019-07-01,364.880005,365.230011,353.320007,356.459991,6392600
2019-06-28,363.920013,366.230011,361.570007,364.01001,4737100
2019-06-27,367.540009,369.929993,362.350006,364.019989,8980000
2019-06-26,371.019989,378.980011,370,374.940002,4542000
2019-06-25,374.75,375.25,368.029999,369.320007,3005400
2019-06-24,372.950012,375.48999,372.100006,373.98999,2323200
2019-06-21,374.390015,376.109985,371.720001,371.839996,4923700
2019-06-20,373,375.790009,368.959991,374.880005,3794500
2019-06-19,375.399994,379.309998,368.350006,368.559998,5716000
2019-06-18,357.609985,374.649994,357.600006,373.959991,9199200
2019-06-17,348.619995,356.049988,347.049988,354.899994,3746400
2019-06-14,348,349.170013,345.890015,347.160004,2258400
2019-06-13,347.25,349.059998,344.100006,348.859985,2621300
2019-06-12,349,349.269989,342.799988,347.029999,2738300
2019-06-11,355.420013,355.470001,348.130005,349.329987,2702700
2019-06-10,356,357.399994,353.549988,353.799988,2560800
2019-06-07,352.299988,355.279999,352.299988,353.700012,2470700
2019-06-06,348.179993,351.640015,345.579987,350.640015,2582300
2019-06-05,346.220001,353.25,332.48999,348.75,3188400
2019-06-04,342.570007,346.410004,340.119995,344.619995,3592300
2019-06-03,338.200012,339.109985,330.670013,338.890015,5148000
2019-05-31,345.850006,345.850006,341.359985,341.609985,3217600
2019-05-30,350,351.920013,347.940002,349.869995,2183900
2019-05-29,352.589996,352.790009,346.049988,348.799988,4160500
2019-05-28,355.290009,359.309998,354.880005,354.880005,3504300
2019-05-24,355,361.399994,353,354.899994,5387500
2019-05-23,345.920013,351.470001,341.149994,350.549988,5305400
2019-05-22,357.220001,357.570007,351.75,352.779999,3841400
2019-05-21,358.029999,360.769989,354.880005,358.75,4022600
2019-05-20,353,355.940002,350.529999,352.790009,3219900
2019-05-17,351.5,359.98999,351.160004,355.019989,5282900
2019-05-16,348.640015,356.5,345.820007,353.809998,6036500
2019-05-15,339.799988,348.799988,337.640015,345.640015,4810000
2019-05-14,339.899994,346.100006,337.230011,343.040009,4747800
2019-05-13,344.51001,346.630005,337,337.369995,7757800
2019-05-10,351.869995,355.540009,347.549988,354.670013,4574100
2019-05-09,354.76001,355.649994,347.470001,354.130005,6075200
2019-05-08,357.769989,361.519989,353.329987,359.75,6030000
2019-05-07,366.329987,367.709991,355.019989,357.230011,9740300
2019-05-06,367.880005,372.480011,365.630005,371.600006,4747600
2019-05-03,376.079987,377.899994,374.220001,376.459991,2953800
2019-05-02,375.5,377.649994,373.25,375.799988,2438800
2019-05-01,378.529999,381.200012,376.380005,376.799988,2765600
2019-04-30,379.5,381.140015,375.049988,377.690002,3732800
2019-04-29,378.48999,385.299988,376.76001,379.049988,5457300
2019-04-26,383.890015,384,378.140015,380.790009,4259600
2019-04-25,376.01001,384.799988,372.76001,382.799988,6615000
2019-04-24,377.890015,381.149994,373.660004,375.459991,9855100
2019-04-23,375.540009,376.869995,372.609985,374.019989,4894500
2019-04-22,375.690002,378.950012,374.899994,375.170013,4147700
2019-04-18,377.519989,382.170013,377.519989,380.070007,4703100
2019-04-17,384.100006,384.190002,377.480011,377.519989,4424400
2019-04-16,376.51001,384.640015,375.029999,381.720001,7083800
2019-04-15,376.700012,377.899994,373.679993,375.459991,3822100
2019-04-12,375.75,379.950012,372,379.640015,7334600
2019-04-11,364.619995,371.079987,364.209991,370.160004,6598400
2019-04-10,368.399994,368.790009,362.920013,364.940002,8285000
2019-04-09,370.290009,372.23999,367.75,369.040009,7980100
2019-04-08,376.200012,379.799988,371.859985,374.519989,14482600
2019-04-05,398.070007,398.660004,390.950012,391.929993,6857200
2019-04-04,385.98999,397.059998,385.100006,395.859985,9388100
2019-04-03,389.679993,391.540009,384.070007,384.73999,7350300
2019-04-02,388.5,394.829987,388.5,390.75,6401000
2019-04-01,385.799988,392.899994,383.100006,391.540009,7735700
2019-03-29,376.519989,382.179993,374.73999,381.420013,7694700
2019-03-28,376.600006,376.660004,372.329987,374.440002,4921300
2019-03-27,371.890015,376.660004,365.549988,374.209991,9600000
2019-03-26,375.579987,375.600006,367.600006,370.380005,6479700
2019-03-25,365,371.209991,362.890015,370.459991,7939600
2019-03-22,368.790009,369.859985,361.529999,362.170013,10143900
2019-03-21,374.040009,377,372.230011,372.700012,6951000
2019-03-20,374.700012,380.799988,373.679993,376.160004,8737600
2019-03-19,371.140015,378.769989,371.01001,373.429993,9856100
2019-03-18,370,373.070007,367.200012,372.279999,13119200
2019-03-15,370.880005,385.709991,366.450012,378.98999,26697700
2019-03-14,374.98999,380.390015,372.100006,373.299988,13514100
2019-03-13,378.429993,381.769989,363.329987,377.140015,32662300
2019-03-12,384.709991,390,368,375.410004,36922600
2019-03-11,371.269989,402.670013,365.549988,400.01001,34742200
2019-03-08,416.769989,423.429993,415.5,422.540009,3794900
2019-03-07,423.359985,434.350006,416.440002,422.559998,4893600
2019-03-06,429.700012,432,422.079987,424.459991,4159400
2019-03-05,431.040009,433.850006,428.640015,430.119995,2844300
2019-03-04,443.220001,444.5,426.630005,432.690002,5971000
2019-03-01,446.01001,446.01001,440.190002,440.619995,5124200
2019-02-28,438.700012,441.420013,437.079987,439.959991,5063100
2019-02-27,427.170013,436.329987,427.149994,435.440002,4603800
2019-02-26,426,429,424.25,426.769989,2503700
2019-02-25,427.48999,429.920013,426.519989,426.869995,3276100
2019-02-22,419.700012,424.470001,419.140015,424.049988,3132300
2019-02-21,421.579987,422.410004,415.679993,417.579987,2880500
2019-02-20,417.140015,421.839996,417.109985,421.549988,3990100
2019-02-19,415.5,417.940002,414.540009,416.26001,3051500
2019-02-15,412.480011,418.049988,411.429993,417.970001,4017300
2019-02-14,408.929993,412.220001,407.799988,409.820007,2724300
2019-02-13,412.519989,412.720001,407.670013,410.579987,3078700
2019-02-12,407,411.209991,405.399994,410.720001,3263300
2019-02-11,408.100006,409.829987,402.690002,403.950012,3046900
2019-02-08,400,404.959991,397.799988,404.910004,4570900
2019-02-07,407.929993,410.350006,402.290009,405.170013,5211400
2019-02-06,411.51001,413.880005,405.660004,411.109985,5356000
2019-02-05,400.75,410.75,399.549988,410.179993,7230400
2019-02-04,388.970001,397.070007,388.119995,397,4256600
2019-02-01,386.109985,392.799988,384.730011,387.429993,5625700
2019-01-31,387.160004,388.98999,382.079987,385.619995,6878500
2019-01-30,387.399994,391.970001,380.5,387.720001,12705300
2019-01-29,363.070007,367.779999,362.410004,364.910004,3202700
2019-01-28,360.649994,363.170013,357.5,362.970001,3128900
2019-01-25,362.48999,366.940002,360.329987,364.200012,3185600
2019-01-24,358.910004,363.179993,356.899994,358.269989,2801300
2019-01-23,361.910004,362.200012,353.670013,358.609985,2924900
2019-01-22,362.859985,364.200012,354.230011,357.899994,4336500
2019-01-18,363.880005,367.320007,361.320007,364.730011,4256500
2019-01-17,350.75,363.829987,350.730011,359.089996,4270400
2019-01-16,352.5,355,351.559998,352.059998,2731100
2019-01-15,352,353.320007,347.980011,352.23999,2940900
2019-01-14,348.200012,352.809998,347.01001,350.359985,2476400
2019-01-11,348.559998,354.359985,348.089996,352.899994,3158900
2019-01-10,346.51001,353.470001,343,352.609985,5358100
2019-01-09,342.959991,347.200012,340.869995,343.829987,4213900
2019-01-08,334.109985,341.25,332.649994,340.529999,4736500
2019-01-07,330.519989,330.690002,323.350006,328.109985,4030300
2019-01-04,316.690002,328.440002,316.079987,327.079987,4448800
2019-01-03,319.48999,319.73999,309.399994,310.899994,5705600
2019-01-02,316.190002,323.950012,313.709991,323.809998,3292200
2018-12-31,320.5,323.640015,318.75,322.5,3557700
2018-12-28,319.73999,321.529999,315.149994,316.380005,3725200
2018-12-27,309.040009,317.140015,302.23999,317.140015,4341100
2018-12-26,298.609985,314.089996,292.470001,313.929993,4843400
2018-12-24,300.649994,303,294.160004,294.160004,3435300
2018-12-21,309.089996,314.970001,304.01001,304.549988,7641700
2018-12-20,317,321.820007,308,313.049988,5368600
2018-12-19,329.329987,333.480011,316.100006,319.549988,4871500
2018-12-18,325.459991,332.089996,323.200012,328.059998,5881100
2018-12-17,316.910004,327.220001,314.440002,316.130005,4968400
2018-12-14,322.450012,323.910004,315.559998,318.75,3298400
2018-12-13,328.399994,328.73999,324.170013,325.470001,2247700
2018-12-12,327.380005,331.899994,324.660004,326.690002,3424800
2018-12-11,333.25,334.48999,318.75,322.029999,3566400
2018-12-10,321.269989,327.200012,315.51001,326.350006,4400500
2018-12-07,332.350006,337.609985,321.390015,323.220001,4526300
2018-12-06,329.98999,333.630005,317.299988,331.899994,9297400
2018-12-04,357,358.320007,341.73999,342.5,5199100
2018-12-03,364.309998,369,356.369995,359.959991,6573400
2018-11-30,341.940002,347.579987,337.5,346.76001,5374000
2018-11-29,335.970001,343.230011,334.059998,342.559998,5331900
2018-11-28,325.720001,334.01001,321.730011,333.5,6117600
2018-11-27,315.279999,318.559998,310.959991,318.029999,2946400
2018-11-26,315.559998,318.589996,310.660004,316.359985,3362300
2018-11-23,315,317,311.869995,312.320007,1599400
2018-11-21,325.070007,326.890015,315.570007,317.320007,4401000
2018-11-20,302.100006,322.179993,296.609985,317.700012,6875900
2018-11-19,335.549988,336.040009,317.200012,320.940002,6782800
2018-11-16,339,340.190002,331.160004,335.950012,4425200
2018-11-15,341.119995,347.980011,336.51001,341.570007,4863000
2018-11-14,352.089996,355.850006,343.890015,344.720001,3445800
2018-11-13,349.549988,355.380005,342.040009,349.51001,4960000
2018-11-12,370.209991,370.480011,355.98999,357.029999,3088700
2018-11-09,367.829987,371,366.119995,369.339996,2590300
2018-11-08,369.329987,373.700012,365.549988,370.769989,2751800
2018-11-07,367.640015,372.850006,359.5,372.019989,4015300
2018-11-06,362.410004,368.440002,362.109985,366.470001,2471900
2018-11-05,359.76001,363.290009,356.480011,361.980011,2253900
2018-11-02,366.970001,371.540009,356.76001,357.75,4029800
2018-11-01,357.470001,364.570007,353.200012,363.070007,3760700
2018-10-31,352.51001,363.410004,352.51001,354.859985,4175600
2018-10-30,330.350006,351.049988,329.769989,349.910004,5774000
2018-10-29,360.549988,361.709991,328.630005,335.589996,7462000
2018-10-26,360.700012,363.299988,354.119995,359.269989,4073000
2018-10-25,357.299988,364.390015,354.970001,363.769989,4003500
2018-10-24,361.589996,364.600006,351.690002,354.649994,8442600
2018-10-23,349.5,353.559998,342.829987,350.049988,4389600
2018-10-22,357.850006,358.76001,352.459991,355.980011,2263500
2018-10-19,359.799988,359.869995,354.209991,356.26001,3491600
2018-10-18,364.820007,367.76001,356.76001,359.350006,3254900
2018-10-17,368,368.5,362.700012,365.5,2238200
2018-10-16,360.450012,368.570007,358.549988,368.25,2822500
2018-10-15,359.459991,362.549988,355.5,358.880005,2979800
2018-10-12,366.01001,367.119995,352.26001,360.109985,5509700
2018-10-11,363.440002,369.850006,355.100006,358.109985,6266800
2018-10-10,382.959991,383.799988,367.089996,367.470001,6033100
2018-10-09,384.369995,386.820007,381.140015,385.440002,2862700
2018-10-08,383.839996,386.730011,377.350006,385.769989,3324000
2018-10-05,389,392.390015,383.029999,386.470001,2899700
2018-10-04,390.73999,391.089996,385.290009,389.98999,3822300
2018-10-03,388.899994,394.279999,386.690002,392.299988,4794300
2018-10-02,380.850006,388.619995,379.769989,386.369995,4622600
2018-10-01,375.160004,383.209991,375,382.290009,4755700
2018-09-28,368.630005,374.220001,366.220001,371.899994,3600500
2018-09-27,368.399994,368.970001,364.399994,367.390015,2355900
2018-09-26,367.5,368.559998,364.320007,365.029999,2368600
2018-09-25,369.079987,370.459991,366.880005,367.230011,2969200
2018-09-24,371,371.890015,367.329987,367.98999,2800200
2018-09-21,369.399994,372.570007,366.049988,372.230011,7144000
2018-09-20,368.73999,371.730011,365.670013,367.459991,4011100
2018-09-19,363.579987,371.230011,363.190002,365.220001,4753400
2018-09-18,357.299988,365.809998,356.100006,363.579987,3003500
2018-09-17,359.279999,361.299988,354.540009,355.959991,2554500
2018-09-14,356.440002,362.26001,356.100006,359.799988,2835800
2018-09-13,356.359985,360.420013,354.299988,355.459991,3166500
2018-09-12,345,355.040009,344.609985,353.410004,4003800
2018-09-11,339.01001,346.619995,337.309998,345.25,2731800
2018-09-10,349.48999,350.75,341.679993,341.859985,3065500
2018-09-07,348.820007,350.01001,344.459991,349.279999,3921900
2018-09-06,347.549988,353.350006,346.579987,351.269989,3585900
2018-09-05,345.769989,347.25,343.160004,346.679993,2959000
2018-09-04,341.600006,346.320007,339.279999,346.25,2699400
2018-08-31,345.049988,345.850006,341.579987,342.790009,3462700
2018-08-30,350.350006,350.950012,345.75,346.899994,3257700
2018-08-29,352.26001,352.350006,349.209991,350.190002,1850100
2018-08-28,355,355.679993,350.609985,351.209991,2475100
2018-08-27,352.109985,355,351.01001,353.73999,2279500
2018-08-24,348.769989,350.630005,348.100006,349.380005,1954100
2018-08-23,349.149994,350.279999,345.459991,347.480011,1833400
2018-08-22,354.320007,355.869995,349.839996,350.029999,2682900
2018-08-21,351,354.450012,349.630005,353.769989,2967200
2018-08-20,348.600006,352.609985,347.100006,350.73999,3018200
2018-08-17,346,348.5,341.670013,346.399994,3069200
2018-08-16,339.059998,347.720001,338.299988,345.980011,5867900
2018-08-15,336.570007,337.140015,328.029999,331.76001,3798600
2018-08-14,339.119995,340.149994,337.619995,339.140015,2017300
2018-08-13,339.600006,342.149994,337.339996,338.359985,1877200
2018-08-10,341,341,336.450012,339.410004,2745700
2018-08-09,346.070007,346.839996,343.119995,343.720001,2301800
2018-08-08,350.5,351.619995,346.25,347.779999,2333600
2018-08-07,348.049988,352.119995,345.5,350.76001,2267400
2018-08-06,347.369995,347.369995,343.119995,346.570007,3251100
2018-08-03,349.5,350.98999,345.670013,348.440002,2285200
2018-08-02,348.619995,350.730011,346.029999,349.730011,2655900
2018-08-01,354.089996,357.910004,350.5,352.76001,2717800
2018-07-31,354.380005,359.019989,354.059998,356.299988,2728400
2018-07-30,361.98999,362.450012,350.470001,351.059998,3080400
2018-07-27,361.059998,364.540009,359.470001,360.649994,2914700
2018-07-26,355.380005,360.200012,355.269989,359.320007,3191200
2018-07-25,351.519989,356.299988,345.5,355.920013,7378100
2018-07-24,356.75,359.470001,354.640015,358.269989,3182000
2018-07-23,355,355,352.390015,353.269989,1943700
2018-07-20,353.040009,356.98999,353,354.899994,1816700
2018-07-19,357.690002,359.390015,355.26001,355.329987,2711700
2018-07-18,359,361.859985,354.26001,360.230011,3090100
2018-07-17,357.609985,359,355.040009,356.880005,2730500
2018-07-16,353.970001,356.339996,352.350006,356.100006,2889000
2018-07-13,347,351.23999,346.200012,350.790009,2272300
2018-07-12,345.279999,346.600006,342.73999,346.029999,2030700
2018-07-11,341.730011,344.390015,339.190002,340.600006,3056900
2018-07-10,342.779999,348,342.779999,347.160004,3278300
2018-07-09,337.5,343.040009,336.51001,341.920013,3128700
2018-07-06,332.839996,336.100006,330.450012,334.640015,2105100
2018-07-05,336.149994,337.279999,329.100006,333.179993,2427900
2018-07-03,338.179993,339.690002,332,332.929993,1464400
2018-07-02,330.690002,336.329987,329.320007,336.079987,2820700
2018-06-29,337.190002,340,335.359985,335.51001,3108500
2018-06-28,330,337.540009,327.290009,334.649994,3348000
2018-06-27,334.850006,341.420013,329.76001,329.820007,4578900
2018-06-26,332.390015,334.399994,330.480011,331.299988,3112400
2018-06-25,332.519989,333.850006,327.600006,331.200012,5006200
2018-06-22,340.429993,340.940002,336.600006,338.910004,3192000
2018-06-21,341.149994,341.149994,336.200012,337.660004,4048300
2018-06-20,346,346.980011,340.459991,342.690002,4540000
2018-06-19,347.170013,347.170013,338.570007,341.119995,6857300
2018-06-18,353.190002,357.649994,352.369995,354.73999,3363200
2018-06-15,358.149994,361.660004,353.470001,357.880005,9946000
2018-06-14,366.149994,367.640015,358.829987,362.420013,4039500
2018-06-13,370.670013,371,363.290009,363.850006,3867600
2018-06-12,371.23999,372.730011,367.98999,370.619995,2440400
2018-06-11,371,373.329987,368.799988,370.940002,2468500
2018-06-08,368.140015,371.420013,365.459991,369.5,3292900
2018-06-07,372,374.480011,366.049988,368.529999,4517800
2018-06-06,362.459991,371.600006,360.98999,371.559998,4488400
2018-06-05,360.5,363.369995,358.850006,360.100006,2567800
2018-06-04,358.970001,363.390015,358.850006,360.730011,2950300
2018-06-01,355.790009,358.149994,354.459991,356.720001,2657800
2018-05-31,356.829987,356.829987,351.619995,352.160004,4406300
2018-05-30,355.649994,358.920013,354.100006,358.190002,2825200
2018-05-29,357.709991,360.970001,350.660004,352.480011,4249600
2018-05-25,358.119995,360.600006,357.049988,360.089996,2463700
2018-05-24,358.450012,360.660004,354.369995,359,3932100
2018-05-23,352.279999,359.600006,351.619995,359.209991,4497500
2018-05-22,364,364.850006,354.519989,355.019989,5389400
2018-05-21,358.459991,365,358.450012,363.920013,6785400
2018-05-18,345.600006,352.049988,345.190002,351.230011,4327700
2018-05-17,340.470001,344.769989,340.25,344.140015,2483300
2018-05-16,342,343.559998,340.299988,340.970001,2230100
2018-05-15,343,343.850006,340.26001,342.119995,3009100
2018-05-14,344,347.73999,343.890015,344.589996,2520300
2018-05-11,343.769989,345.420013,341.049988,342.459991,2332200
2018-05-10,343.98999,348.570007,342.410004,344.070007,3920400
2018-05-09,339.48999,346.929993,338.579987,344.5,4347000
2018-05-08,339.769989,341.940002,336.609985,338.369995,4014100
2018-05-07,335.230011,342.980011,335.209991,340.429993,4192200
2018-05-04,328.040009,335.890015,328.040009,334.429993,3655100
2018-05-03,322.970001,332.630005,319.130005,330.690002,6383200
2018-05-02,329.5,330.709991,323.980011,324.190002,3436100
2018-05-01,332.5,333.910004,324.179993,329.540009,4313100
2018-04-30,341.170013,342.579987,333.399994,333.559998,3721600
2018-04-27,341.25,342.920013,337.769989,340.880005,3390400
2018-04-26,344.01001,345.649994,338.329987,342.790009,5273600
2018-04-25,338.119995,344.910004,330.519989,342.859985,11023600
2018-04-24,343.170013,347.670013,323.279999,329.059998,7051800
2018-04-23,339.549988,341.26001,336,338.839996,2765600
2018-04-20,340.730011,341.399994,335.049988,338.670013,3038000
2018-04-19,340.190002,342.410004,337.5,340.640015,3006800
2018-04-18,338.329987,342.399994,337.179993,341,3117500
2018-04-17,334.730011,339.73999,333.649994,336.720001,3381800
2018-04-16,332.339996,333.220001,327.630005,331.769989,3901400
2018-04-13,338.98999,339.670013,326.600006,329.279999,4733500
2018-04-12,331.980011,338.350006,330.459991,337.480011,4325000
2018-04-11,331.600006,337.570007,326.309998,327.359985,4573500
2018-04-10,331.350006,336.690002,329.549988,334.829987,5552000
2018-04-09,332.25,334.880005,322.049988,322.480011,4931700
2018-04-06,330.609985,334.589996,322.209991,326.119995,5713600
2018-04-05,330.589996,338.959991,330.26001,336.399994,6220000
2018-04-04,312.299988,327.809998,311.880005,327.440002,8235700
2018-04-03,324.76001,331.100006,323.089996,330.820007,4783100
2018-04-02,325.200012,329.940002,317.170013,322.440002,5024900
2018-03-29,323.380005,330.480011,322,327.880005,3652100
2018-03-28,321.850006,323.23999,311.170013,320.019989,5634700
2018-03-27,331.51001,334.880005,319,321.119995,5355500
2018-03-26,330.480011,331.940002,323.589996,328.970001,5392900
2018-03-23,320.149994,331.140015,318.320007,321,7237500
2018-03-22,330.109985,332.679993,319.01001,319.609985,7282200
2018-03-21,337.070007,341.910004,335.170013,337.100006,4056300
2018-03-20,331.839996,339.700012,331,337.630005,6500500
2018-03-19,327.450012,333.329987,326.779999,331.76001,6328900
2018-03-16,329.820007,330.829987,325.630005,330.470001,9329000
2018-03-15,332.299988,332.920013,322.910004,329.980011,8766000
2018-03-14,339.790009,340.519989,322.299988,330.26001,13057900
2018-03-13,345.320007,347.880005,337.609985,338.670013,5443800
2018-03-12,355.200012,355.230011,343.26001,344.190002,6088800
2018-03-09,352.649994,354.890015,350.230011,354.519989,3538300
2018-03-08,349.51001,352.5,343.950012,348.730011,4319900
2018-03-07,341.519989,348.410004,339.5,347.040009,4575700
2018-03-06,354.23999,355.209991,346.019989,348.920013,4888300
2018-03-05,338,354.769989,336.609985,352.75,8140200
2018-03-02,341.820007,346.089996,335.299988,344.670013,10021300
2018-03-01,362.329987,362.73999,346.399994,349.690002,8978000
2018-02-28,366.799988,371.600006,362.209991,362.209991,5472900
2018-02-27,364.600006,369.890015,363.299988,364.640015,4774100
2018-02-26,359.5,364.049988,358.209991,363.480011,4148100
2018-02-23,358.179993,358.769989,353.070007,356.660004,3355400
2018-02-22,354.649994,358.070007,352.640015,355.920013,3414300
2018-02-21,352.559998,360.809998,351.75,352.369995,5258600
2018-02-20,352,357.790009,351.399994,353.350006,4303400
2018-02-16,356.589996,359.5,353.51001,355.040009,5211600
2018-02-15,348.470001,356.549988,348.049988,356.459991,5827500
2018-02-14,341.339996,347.429993,341.170013,344.850006,4340200
2018-02-13,340.450012,347.880005,340.290009,343.160004,4030200
2018-02-12,336.570007,347.75,335.130005,343.799988,6885000
2018-02-09,333.549988,337.809998,319.25,332.829987,8833000
2018-02-08,348,349,329.399994,329.660004,8295900
2018-02-07,340.519989,353.589996,339.869995,348.119995,7946700
2018-02-06,320,341.670013,317.649994,340.910004,11935100
2018-02-05,342.670013,350,317.390015,328.880005,10511300
2018-02-02,354,355.200012,348.700012,348.910004,5486100
2018-02-01,352.950012,361.450012,352.040009,356.940002,6067600
2018-01-31,360.5,360.970001,351.619995,354.369995,11409600
2018-01-30,339.170013,339.980011,334.160004,337.709991,4983100
2018-01-29,341.230011,344.480011,340.100006,340.820007,3324900
2018-01-26,344.329987,345.980011,341.25,343.220001,5236300
2018-01-25,336.209991,343.619995,335.299988,343.109985,4747500
2018-01-24,336.200012,338.98999,334.140015,334.690002,4205400
2018-01-23,338.339996,338.940002,334.809998,335.589996,4537800
2018-01-22,335.290009,341.380005,332.040009,338,6792900
2018-01-19,341.670013,344,335.75,337.730011,7264400
2018-01-18,350.700012,350.829987,339.149994,340.160004,9458600
2018-01-17,337.730011,352.230011,336.410004,351.01001,9699900
2018-01-16,339.899994,347.730011,331.329987,335.160004,12305500
2018-01-12,330.380005,336.880005,330.380005,336.209991,6559300
2018-01-11,322.130005,328.399994,321.190002,328.119995,4635300
2018-01-10,317.48999,322.149994,315.5,320.26001,4479300
2018-01-09,310.589996,319.910004,310.48999,318.429993,5641300
2018-01-08,308.660004,310.859985,305.75,310.149994,4124900
2018-01-05,296.769989,308.890015,296.720001,308.839996,6177700
2018-01-04,297.940002,298.420013,295.470001,296.670013,4171700
2018-01-03,295.940002,298.5,295.470001,297.799988,3211200
2018-01-02,295.75,296.98999,295.399994,296.839996,2978900
2017-12-29,296.940002,297.299988,294.829987,294.910004,1824600
2017-12-28,295.809998,296.98999,294.73999,296.350006,1436800
2017-12-27,296.410004,296.799988,294.799988,295.619995,1447800
2017-12-26,295.540009,297.440002,294.649994,295.359985,1394700
2017-12-22,296.329987,296.519989,293.01001,295.100006,2257400
2017-12-21,298.049988,298.390015,294.130005,295.029999,5398300
2017-12-20,298.700012,299.329987,297.109985,297.899994,2533700
2017-12-19,296.5,297.579987,294.179993,297.25,2728400
2017-12-18,296,297.140015,294.519989,296.140015,2901600
2017-12-15,295.869995,297.369995,293.019989,293.940002,6933500
2017-12-14,293.350006,296.820007,292.600006,293.880005,3913400
2017-12-13,290.5,295.850006,289.700012,291.839996,5003300
2017-12-12,291.339996,292.799988,287.720001,289.940002,5517600
2017-12-11,286.209991,286.48999,279.899994,283.160004,4065200
2017-12-08,285.01001,287.320007,283.559998,285.899994,4440500
2017-12-07,282.809998,284.790009,277.799988,281.970001,4264400
2017-12-06,276.579987,279.140015,274,278.269989,2538100
2017-12-05,279.01001,279.440002,274.859985,275.540009,2806100
2017-12-04,276.160004,281.829987,276,277.970001,5523000
2017-12-01,277.51001,278.730011,270.600006,271.380005,4592500
2017-11-30,269.910004,277.040009,269.429993,276.799988,4820300
2017-11-29,269.480011,269.679993,266.149994,269.299988,3029100
2017-11-28,267,268.01001,265.230011,267.98999,2262100
2017-11-27,265.380005,266.839996,264.720001,265.579987,1772200
2017-11-24,265.26001,266.570007,264.529999,265.880005,788900
2017-11-22,267,267.480011,264.529999,265.149994,1471400
2017-11-21,266.23999,267,264.709991,266.98999,2267100
2017-11-20,263,265.619995,262.76001,264.630005,2447400
2017-11-17,262.820007,263.73999,262.029999,262.26001,1724800
2017-11-16,263.76001,265.040009,263.339996,263.700012,2710200
2017-11-15,261.420013,264.769989,260.149994,262.859985,2510500
2017-11-14,262,262.399994,260.200012,261.76001,2358200
2017-11-13,261.670013,263.359985,260.48999,262.420013,2604100
2017-11-10,262.109985,262.5,259.600006,260.850006,1740600
2017-11-09,265.01001,266.75,259.559998,262.700012,3215900
2017-11-08,266.140015,267.619995,265.290009,265.570007,2841800
2017-11-07,264.070007,267.279999,264.070007,266.130005,3205400
2017-11-06,262.619995,265.839996,262.529999,264.070007,2911600
2017-11-03,262.420013,263.790009,260.079987,261.75,2610800
2017-11-02,258.309998,263.23999,258,262.630005,2529900
2017-11-01,258.290009,259.410004,256.23999,258.5,2929500
2017-10-31,259.339996,259.929993,257.470001,257.980011,2742800
2017-10-30,255.449997,260.410004,255.330002,259.25,3025900
2017-10-27,258.26001,259.5,255.800003,256.459991,2899200
2017-10-26,259.720001,261.440002,257.309998,259.269989,3419100
2017-10-25,264.779999,266,254.5,258.420013,7895300
2017-10-24,263.23999,267.209991,263.23999,266,4401600
2017-10-23,265.130005,265.980011,262.140015,262.320007,3302400
2017-10-20,260.359985,264.829987,259.440002,264.75,3955900
2017-10-19,258.980011,259.100006,256.029999,259.040009,2589200
2017-10-18,258.470001,260.730011,256.660004,260.040009,2051700
2017-10-17,256.48999,259.049988,256.26001,258.619995,2515900
2017-10-16,261.5,262,259.690002,259.75,1818900
2017-10-13,262.899994,263.790009,260.73999,260.73999,2243900
2017-10-12,260.950012,262.980011,260,261.910004,2577900
2017-10-11,261.320007,261.649994,259.019989,261.440002,2890300
2017-10-10,259.73999,261.059998,257.200012,260.929993,2740700
2017-10-09,259,259,257.109985,258.390015,2146100
2017-10-06,258,258.899994,257.059998,258.579987,2736400
2017-10-05,255.279999,258.98999,254.779999,258.890015,3940200
2017-10-04,256.119995,257.130005,254.070007,255.759995,3031000
2017-10-03,255.990005,258.26001,254.690002,255.460007,3163400
2017-10-02,254.649994,255.990005,253.529999,255.990005,2685100
2017-09-29,253.850006,255.259995,252.589996,254.210007,2531100
2017-09-28,254.110001,255.800003,251.169998,254.270004,2586100
2017-09-27,255.270004,258.769989,253.970001,255.279999,3840100
2017-09-26,254.600006,256.480011,253.539993,253.699997,2173600
2017-09-25,256.970001,256.970001,251.5,254.320007,3479200
2017-09-22,256.309998,259.299988,256.130005,256.450012,3475600
2017-09-21,256.130005,256.98999,254.419998,256.040009,2809400
2017-09-20,253.259995,256.690002,252.25,255.460007,3853200
2017-09-19,253.080002,255.169998,251.630005,252.460007,4124700
2017-09-18,249.970001,253.789993,248.910004,253.080002,5193000
2017-09-15,247.360001,249.949997,246.210007,249,9033300
2017-09-14,243,245.610001,242.5,245.229996,4995200
2017-09-13,240,243.479996,237.089996,241.929993,4529100
2017-09-12,240.589996,241.710007,238.949997,240.580002,2702700
2017-09-11,239.5,241.850006,239.309998,240.589996,3628100
2017-09-08,235.75,239.389999,235.210007,238.779999,3404200
2017-09-07,234.75,236.539993,234.289993,236.309998,2994500
2017-09-06,237.529999,237.860001,234.339996,234.619995,4252700
2017-09-05,240.300003,240.360001,236.229996,237,3866600
2017-09-01,239.660004,242.529999,239.169998,240.330002,3270700
2017-08-31,241,241.100006,238.410004,239.660004,3075800
2017-08-30,240.990005,241.440002,239,240.460007,2801100
2017-08-29,237.210007,241.169998,236.080002,240.490005,3535500
2017-08-28,236.220001,237.550003,234.610001,237.179993,2395000
2017-08-25,239,239.089996,235.600006,235.889999,2270300
2017-08-24,238.520004,238.899994,236.600006,238.740005,2553100
2017-08-23,239.360001,239.360001,237.190002,238.089996,2518300
2017-08-22,236.160004,239.889999,236.110001,239.75,2915700
2017-08-21,235.770004,236.940002,234.350006,235.679993,2545400
2017-08-18,235,237.259995,234.570007,235.770004,2939500
2017-08-17,237.380005,237.600006,235.25,235.589996,2810900
2017-08-16,239.699997,240.259995,237.410004,237.589996,3012700
2017-08-15,237.210007,239.639999,236.009995,239.169998,2851100
2017-08-14,236.009995,237.479996,235.720001,237.149994,2953500
2017-08-11,232.759995,235.399994,230.940002,234.880005,3461700
2017-08-10,234.029999,236.160004,231.910004,232.880005,6817700
2017-08-09,238.009995,238.699997,234.100006,234.309998,5680400
2017-08-08,239.910004,240.520004,238.929993,239.5,4871500
2017-08-07,237.600006,241.429993,237.210007,240.229996,3674700
2017-08-04,238.580002,239.729996,236.380005,237.710007,5590500
2017-08-03,237.059998,239.589996,236.039993,238.25,5112700
2017-08-02,239.059998,241.559998,237.880005,237.949997,5119900
2017-08-01,243.380005,243.990005,239.160004,239.440002,5018400
2017-07-31,241.850006,246.490005,241.820007,242.460007,5777300
2017-07-28,240.820007,242,238.550003,241.270004,4602400
2017-07-27,237.130005,242.679993,236.699997,241,10860600
2017-07-26,223.479996,233.979996,223.020004,233.449997,14140000
2017-07-25,213.220001,214,211.949997,212.460007,2889000
2017-07-24,212,212.639999,211.399994,212.179993,2392700
2017-07-21,209.990005,212.199997,209.410004,212.139999,2098400
2017-07-20,211.100006,211.25,209.919998,210.279999,2235100
2017-07-19,209.429993,210.929993,208.990005,210.880005,2258400
2017-07-18,209.110001,209.190002,207.529999,208.240005,1942300
2017-07-17,208.729996,209.720001,208.559998,209,2416000
2017-07-14,206.800003,208.729996,206.740005,208.509995,3229000
2017-07-13,206.800003,207,205.350006,206.229996,1943600
2017-07-12,206.949997,208.610001,206.320007,206.440002,2817400
2017-07-11,204,206.660004,204,206.270004,2815800
2017-07-10,202.320007,204.580002,202.190002,203.960007,2701900
2017-07-07,202.240005,203.279999,201.259995,202.369995,3090400
2017-07-06,201.639999,202.490005,200.779999,201.479996,2737400
2017-07-05,199.300003,202.139999,198.860001,201.809998,2716700
2017-07-03,198.070007,199.440002,197.75,198.589996,1511200
2017-06-30,198.5,199.440002,197.389999,197.75,2225600
2017-06-29,199.619995,199.759995,196.449997,197.460007,2428900
2017-06-28,199.5,200.949997,199.300003,199.619995,2096800
2017-06-27,199.800003,200.919998,198.889999,198.889999,2296900
2017-06-26,202.770004,204.389999,199.940002,199.979996,3077600
2017-06-23,199.259995,202.350006,198.679993,202.229996,4310100
2017-06-22,199.25,200.410004,199.179993,199.440002,3339300
2017-06-21,199.580002,199.710007,197.559998,199.169998,3151100
2017-06-20,198.75,201.240005,198.309998,198.330002,3077400
2017-06-19,197.880005,199.470001,197,199.080002,2726400
2017-06-16,196.009995,197.949997,195.809998,196.440002,6939100
2017-06-15,191.429993,195.550003,191.369995,195.449997,2894100
2017-06-14,191.050003,193.380005,190.820007,192.380005,2210000
2017-06-13,190.050003,191.559998,189.350006,191.089996,1882700
2017-06-12,190.300003,190.529999,188.050003,190,2730100
2017-06-09,190,190.990005,189.25,190.029999,3344900
2017-06-08,188.100006,191.070007,187.699997,189.929993,2340300
2017-06-07,186.850006,188.539993,186.389999,188.100006,2383500
2017-06-06,188.410004,188.860001,186.690002,186.75,2725000
2017-06-05,190.070007,190.740005,188.809998,188.949997,2522100
2017-06-02,187.820007,191.699997,187.649994,190.229996,3034300
2017-06-01,187.410004,187.910004,184.529999,187.320007,2870200
2017-05-31,187.369995,188.259995,186.720001,187.630005,5186700
2017-05-30,186.759995,187.419998,186.190002,186.880005,2231600
2017-05-26,186.729996,187.610001,186.270004,186.589996,1735800
2017-05-25,185.630005,187.419998,185.589996,187.070007,2363300
2017-05-24,183.460007,185.399994,183.460007,185.25,2424700
2017-05-23,184,184.460007,182.860001,183.490005,2123800
2017-05-22,183.779999,185.320007,182.520004,183.669998,2946800
2017-05-19,177.729996,181.419998,176.770004,180.759995,4038900
2017-05-18,178.479996,178.5,175.470001,177.399994,3118100
2017-05-17,182.699997,182.699997,178.679993,178.779999,2535700
2017-05-16,182.729996,183.149994,182.039993,182.699997,2156100
2017-05-15,183.300003,184.110001,182.279999,182.389999,3365000
2017-05-12,183.710007,183.979996,182.630005,183.25,3479200
2017-05-11,182.899994,184.330002,182.169998,183.940002,2883800
2017-05-10,185.139999,185.649994,178.179993,183.179993,7060100
2017-05-09,186.110001,187.210007,186.050003,186.910004,3004000
2017-05-08,185.380005,186.389999,185,186.020004,1963400
2017-05-05,183.160004,185.070007,183.160004,185.009995,2636900
2017-05-04,183.330002,184.25,182.179993,183.070007,2289300
2017-05-03,183.449997,183.75,182.25,183.389999,2983200
2017-05-02,182.539993,183.910004,182.529999,183.440002,1979800
2017-05-01,184.229996,184.490005,181.800003,182.389999,3516700
2017-04-28,183.419998,184.929993,183.020004,184.830002,2181600
2017-04-27,182.589996,183.759995,182.589996,183.220001,3129100
2017-04-26,182.309998,183,180.110001,181.710007,4471600
2017-04-25,182.529999,183.850006,182.529999,183.509995,3735400
2017-04-24,181.75,182.460007,181.610001,182.059998,3141900
2017-04-21,179.419998,180.929993,179.419998,180.380005,3146600
2017-04-20,178.740005,179.820007,178.350006,179.300003,2335200
2017-04-19,178.470001,179.899994,178.160004,178.399994,2124500
2017-04-18,178.589996,179.970001,177.119995,177.850006,2960200
2017-04-17,175.839996,179.080002,175.649994,179.020004,2450200
2017-04-13,175.740005,176.880005,175.559998,175.619995,2024100
2017-04-12,178.25,178.25,175.940002,176.050003,2922700
2017-04-11,177.5,178.600006,176.960007,178.570007,2266300
2017-04-10,179,179.970001,177.479996,177.559998,2309300
2017-04-07,178.389999,179.089996,177.259995,178.850006,2806900
2017-04-06,177.559998,178.220001,177.119995,177.369995,2343600
2017-04-05,179,180.179993,176.889999,177.080002,2567200
2017-04-04,176.880005,178.789993,176.759995,178.699997,2326500
2017-04-03,177.080002,177.729996,175.5,176.649994,2934800
2017-03-31,178.020004,178.179993,176.809998,176.860001,2032700
2017-03-30,177.25,178.490005,177.220001,177.979996,1737200
2017-03-29,177.399994,177.990005,176.970001,177.630005,1640600
2017-03-28,176.289993,177.679993,175,177.360001,2412600
2017-03-27,174.369995,176.440002,173.75,176.100006,2750700
2017-03-24,176.850006,177.529999,174.770004,175.820007,2386800
2017-03-23,177.339996,177.850006,176.589996,177.259995,2006400
2017-03-22,175.960007,177.100006,175.5,176.979996,2505700
2017-03-21,179.990005,180.25,175.5,175.960007,3239600
2017-03-20,180.100006,180.149994,179.139999,179.389999,2062200
2017-03-17,178.309998,180.380005,178.169998,180.100006,5037400
2017-03-16,179.820007,180,177.639999,178.190002,3100700
2017-03-15,179,179.240005,177.970001,178.710007,3569000
2017-03-14,178.539993,179.690002,177.710007,178.729996,2346700
2017-03-13,177.160004,179.190002,177.070007,179.050003,3499000
2017-03-10,181.899994,181.970001,177.919998,178.699997,4595600
2017-03-09,181.429993,182.589996,179.580002,180.570007,3100500
2017-03-08,182.399994,182.690002,181.490005,181.740005,2321700
2017-03-07,180.639999,182.839996,180.619995,182.020004,2452000
2017-03-06,181.399994,182.300003,180.429993,180.929993,4244000
2017-03-03,182.990005,183.580002,181.449997,182.179993,3917500
2017-03-02,184,185.710007,182.970001,182.990005,4909000
2017-03-01,181.850006,184.800003,181.820007,183.910004,5461800
2017-02-28,180.339996,181.929993,179.669998,180.229996,4785100
2017-02-27,178,179.880005,177.550003,179.429993,2892600
2017-02-24,176.75,178.800003,176.100006,177.440002,4197200
2017-02-23,175.970001,177,175.699997,176.860001,3502600
2017-02-22,174.979996,175.75,174.009995,175.360001,2832100
2017-02-21,173.919998,176.169998,173.679993,175.559998,4231700
2017-02-17,170.410004,173.25,170.399994,172.710007,4982900
2017-02-16,169.740005,170.809998,168.75,170.809998,3070100
2017-02-15,168.419998,169.949997,168.350006,169.300003,4033200
2017-02-14,167.699997,168.800003,167.220001,168.5,2580300
2017-02-13,166.449997,169.070007,166.350006,168.029999,3765000
2017-02-10,165.25,166.449997,164.470001,166.229996,2689700
2017-02-09,164.669998,165.089996,164.059998,164.279999,3451100
2017-02-08,165,165.240005,163.690002,163.809998,3041600
2017-02-07,165,167.419998,164.869995,166.5,4243200
2017-02-06,162.419998,164.080002,162.380005,163.979996,3110500
2017-02-03,162.990005,163.559998,162.309998,162.399994,2981700
2017-02-02,163.220001,163.970001,160.820007,162.259995,3791700
2017-02-01,164.25,165.809998,163.119995,163.970001,3138000
2017-01-31,164.960007,165.100006,163.220001,163.419998,5350700
2017-01-30,165.919998,165.990005,163.820007,165.570007,5456300
2017-01-27,169.210007,169.800003,167.009995,167.699997,4883200
2017-01-26,167.25,170,167.25,169.119995,5436800
2017-01-25,163.589996,168.649994,163.240005,167.360001,7480000
2017-01-24,158.580002,160.929993,157.839996,160.550003,3927500
2017-01-23,158.940002,159.5,157.289993,157.839996,3931200
2017-01-20,159.809998,160.300003,158.229996,159.529999,3384500
2017-01-19,158.869995,159.869995,157.910004,159,3144000
2017-01-18,157.550003,159.050003,156.75,158.320007,2087000
2017-01-17,158.199997,159.039993,157.229996,157.669998,2758800
2017-01-13,158.740005,159.580002,158.339996,158.830002,2435400
2017-01-12,159.149994,159.160004,156.669998,158.289993,3020500
2017-01-11,159.539993,159.699997,158.279999,159.399994,2416500
2017-01-10,158.960007,159.940002,158.570007,159.070007,2988300
2017-01-09,159,159.240005,158.169998,158.320007,2839400
2017-01-06,158.979996,159.660004,157.889999,159.100006,2426000
2017-01-05,158.410004,159.699997,157.399994,158.710007,2796000
2017-01-04,157.809998,159.229996,157.809998,158.619995,3189800
2017-01-03,156.300003,157.139999,155.210007,156.970001,3426100
2016-12-30,156.490005,156.789993,154.960007,155.679993,2027700
2016-12-29,156,156.75,155.160004,155.690002,1804000
2016-12-28,157.119995,157.350006,156.009995,156.100006,1810400
2016-12-27,158.410004,158.479996,156.910004,157.479996,1858700
2016-12-23,158.270004,158.270004,156.509995,157.809998,2135800
2016-12-22,158.5,158.990005,156.25,157.460007,3958500
2016-12-21,156.690002,158.5,156.649994,157.479996,2326000
2016-12-20,156.960007,157.889999,155.949997,156.389999,2270100
2016-12-19,155.160004,157.100006,155.070007,156.179993,3002800
2016-12-16,153.880005,156,153.139999,154.5,5888300
2016-12-15,153.929993,155.240005,153.059998,153.770004,2889300
2016-12-14,156.229996,156.369995,154.179993,154.470001,3640200
2016-12-13,159.100006,160.070007,154.880005,156.660004,5650400
2016-12-12,156,158,154.300003,157.160004,4250600
2016-12-09,155.649994,156.880005,155.419998,156.490005,2707900
2016-12-08,154.600006,155.970001,154.139999,155.389999,2928400
2016-12-07,151.669998,154.309998,151.070007,154.139999,2955800
2016-12-06,150.839996,152.639999,150.020004,152.240005,3476300
2016-12-05,153.240005,153.75,151.850006,152.160004,2855900
2016-12-02,152.449997,152.490005,151.119995,152.25,2105600
2016-12-01,150.740005,152.690002,150.389999,152.389999,2843900
2016-11-30,151.589996,153.080002,150.559998,150.559998,3991000
2016-11-29,149.830002,152.110001,149.110001,151.639999,3945600
2016-11-28,149,150.089996,148.320007,149.770004,4728800
2016-11-25,150,150.149994,149.029999,150.039993,962300
2016-11-23,149.610001,150.809998,149.029999,149.740005,2857500
2016-11-22,147.899994,149.759995,147.880005,149.520004,3770000
2016-11-21,147.210007,148.490005,146.520004,147.020004,2825900
2016-11-18,145.179993,146.600006,144.460007,146.350006,2214400
2016-11-17,146.830002,147.119995,145,145.330002,3656100
2016-11-16,147.300003,148.410004,146.139999,146.440002,3559700
2016-11-15,148.440002,149.449997,147.190002,148.110001,3856600
2016-11-14,148.210007,150.089996,148.210007,149.990005,4490900
2016-11-11,147.119995,148.600006,146.559998,148.520004,3585200
2016-11-10,146.509995,149.339996,146.389999,147.690002,6508300
2016-11-09,141.600006,145.850006,141.539993,145.089996,5494400
2016-11-08,141.919998,143.309998,141.289993,142.199997,2823800
2016-11-07,141.5,143.100006,141.490005,143.029999,3228200
2016-11-04,139.110001,140.850006,138.800003,139.539993,2951500
2016-11-03,140.759995,140.899994,139.350006,140.020004,2280800
2016-11-02,142,142.869995,140.589996,140.75,2782100
2016-11-01,142.949997,143.899994,141.809998,142.410004,3245000
2016-10-31,143.050003,143.350006,142.149994,142.429993,3075900
2016-10-28,143.720001,144,142.169998,143.009995,4636100
2016-10-27,145.830002,146.229996,141.779999,143.309998,7857100
2016-10-26,138.429993,146.190002,136.720001,145.539993,13272000
2016-10-25,137.529999,139.419998,137.350006,139.020004,5209100
2016-10-24,136.410004,138.880005,136.410004,137.449997,3814200
2016-10-21,134.720001,136.190002,134.25,135.630005,2205000
2016-10-20,135.919998,136.75,135.369995,135.839996,2539700
2016-10-19,135.419998,136.949997,135.330002,136.179993,2265900
2016-10-18,135.029999,135.740005,134.919998,135.100006,2271000
2016-10-17,133.5,135.380005,133.330002,134,2435100
2016-10-14,134.559998,135.25,133.479996,133.5,2317400
2016-10-13,132.419998,133.929993,131.389999,133.380005,3544200
2016-10-12,133.759995,134.279999,133,133.160004,2264200
2016-10-11,134.940002,135.690002,133.270004,133.740005,3607300
2016-10-10,134.589996,136.869995,134.589996,135.839996,3343300
2016-10-07,133.929993,134.660004,132.539993,133.850006,4302000
2016-10-06,134.830002,135,133.679993,134.419998,3614900
2016-10-05,132.929993,134.899994,132.550003,134.660004,3137500
2016-10-04,132.770004,133.229996,131.690002,132.25,2829200
2016-10-03,131.279999,132.720001,130.740005,132.380005,2439400
2016-09-30,132.089996,132.630005,131.270004,131.740005,3118900
2016-09-29,131.800003,132.779999,130.679993,131.029999,2199400
2016-09-28,131.589996,132.360001,130.589996,132.229996,1773000
2016-09-27,130.289993,131.740005,129.860001,131.320007,1939000
2016-09-26,131.070007,131.580002,130.429993,130.570007,2219900
2016-09-23,131.25,132.289993,131.009995,131.779999,2330700
2016-09-22,131.449997,132.479996,131.169998,131.869995,3253100
2016-09-21,128.179993,130.630005,128.179993,130.559998,3227800
2016-09-20,127.949997,128.5,127.57,127.790001,2639300
2016-09-19,127.5,128.300003,127.269997,127.480003,3168100
2016-09-16,127.709999,127.709999,126.339996,126.699997,8035600
2016-09-15,127.57,128.460007,126.940002,127.769997,3462400
2016-09-14,128.910004,129.309998,127.339996,127.669998,3955400
2016-09-13,129.220001,130.020004,128.259995,128.759995,4552400
2016-09-12,126.879997,130.679993,126.309998,130.119995,6381100
2016-09-09,131.940002,131.940002,128.520004,128.529999,4892900
2016-09-08,132.320007,132.910004,131.509995,132.899994,2618300
2016-09-07,132.479996,133.080002,132,132.639999,2198700
2016-09-06,131.630005,132.990005,131.270004,132.990005,4151800
2016-09-02,130.889999,131.960007,130.580002,131.160004,2631000
2016-09-01,130.029999,130.029999,128.360001,129.899994,2807200
2016-08-31,130.830002,130.830002,129.139999,129.449997,3639200
2016-08-30,133.190002,133.440002,130.679993,130.809998,3437300
2016-08-29,132.720001,133.580002,132.320007,132.899994,2380000
2016-08-26,133.5,134.080002,131.820007,132.229996,1973700
2016-08-25,133.300003,133.300003,132.419998,132.979996,1921400
2016-08-24,134.009995,134.649994,133.070007,133.289993,2135900
2016-08-23,135.320007,136.369995,133.639999,134.139999,3481900
2016-08-22,134.300003,135.669998,133.839996,134.990005,2520500
2016-08-19,134.5,135,133.839996,134.440002,1922600
2016-08-18,134.720001,135.960007,134.529999,135,2030800
2016-08-17,134.850006,134.990005,134.110001,134.720001,2854600
2016-08-16,134.149994,135.210007,133.399994,135,2759200
2016-08-15,133.699997,135,133.550003,134.660004,2812600
2016-08-12,132.899994,133.779999,132.630005,133.100006,2522600
2016-08-11,132.850006,133.559998,132.300003,133,2275700
2016-08-10,132.100006,133.529999,131.710007,132.279999,2642200
2016-08-09,132.729996,132.990005,132.229996,132.619995,3013900
2016-08-08,132.139999,132.949997,131.75,132.190002,2443800
2016-08-05,132.210007,132.440002,131.009995,131.729996,3119500
2016-08-04,132,132.550003,130.960007,131.210007,3008500
2016-08-03,131.770004,132.449997,131.619995,131.869995,2359300
2016-08-02,132.949997,133.399994,131.350006,131.600006,3156800
2016-08-01,133.210007,134.229996,132.699997,133.210007,3067300
2016-07-29,133.050003,133.800003,132.300003,133.660004,3559100
2016-07-28,135.399994,135.860001,132.550003,133.009995,5142400
2016-07-27,136.139999,139.449997,135.710007,135.960007,5661700
2016-07-26,132.899994,134.970001,132.509995,134.850006,4667300
2016-07-25,133.179993,133.300003,132.380005,132.940002,3078600
2016-07-22,131.75,133.490005,130.570007,133.470001,4844900
2016-07-21,134.759995,134.979996,133.029999,133.529999,2814100
2016-07-20,134.550003,135.179993,134.039993,134.720001,2669400
2016-07-19,132.910004,135.669998,132.830002,134.660004,3390000
2016-07-18,132.380005,133.889999,131.949997,133.429993,3338400
2016-07-15,131.800003,132.75,131.449997,132.389999,2944900
2016-07-14,131.630005,131.919998,130.199997,131.550003,3984100
2016-07-13,131.279999,131.389999,129.369995,130.110001,3061400
2016-07-12,132.800003,133,130.330002,130.809998,4318400
2016-07-11,130.839996,133.25,130.800003,132.039993,3929900
2016-07-08,128.600006,130.460007,127.660004,130.089996,3597800
2016-07-07,126.919998,128.169998,126.260002,127.169998,3049400
2016-07-06,127.25,127.309998,123.959999,126.959999,3981700
2016-07-05,128.429993,129,126.629997,126.970001,4829400
2016-07-01,129.539993,130.339996,129.160004,129.690002,3247900
2016-06-30,127.080002,129.869995,127.080002,129.869995,4110800
2016-06-29,125.489998,127.32,124.160004,126.989998,4916700
2016-06-28,124.5,124.760002,122.699997,123.889999,4438100
2016-06-27,125.68,125.75,122.349998,122.699997,6169000
2016-06-24,128.139999,129.389999,126.209999,126.519997,9707300
2016-06-23,133.910004,134.550003,132.729996,133.550003,4113900
2016-06-22,132.100006,133.160004,131.580002,131.770004,2640800
2016-06-21,133.190002,133.279999,131.490005,131.520004,2841100
2016-06-20,131.360001,133.899994,131.210007,132.75,4331900
2016-06-17,129.830002,129.990005,128.809998,129.820007,6739600
2016-06-16,129.320007,129.889999,126.900002,129.369995,4066100
2016-06-15,130.880005,131.759995,129.970001,130.160004,3324800
2016-06-14,129.630005,130.600006,128.5,130.5,3717000
2016-06-13,130.789993,131.509995,129.880005,129.919998,3645000
2016-06-10,131.759995,132.119995,130.369995,131.139999,3828600
2016-06-09,132.100006,133.820007,131.919998,133.100006,3811200
2016-06-08,132.520004,133.529999,132.039993,133,3883700
2016-06-07,132.410004,133.389999,131.820007,131.929993,4424000
2016-06-06,127.599998,132.080002,127.449997,131.899994,6996200
2016-06-03,126.419998,127.580002,125.949997,127.379997,5485600
2016-06-02,126.650002,127.029999,125.32,126.849998,4802100
2016-06-01,126,126.5,124.779999,126.410004,4679600
2016-05-31,129.880005,129.979996,126.040001,126.150002,6894400
2016-05-27,128.960007,129.699997,128.830002,129.220001,3043700
2016-05-26,128.479996,129.899994,128.320007,129.309998,2586300
2016-05-25,128,129.779999,127.370003,128.860001,4656700
2016-05-24,127.760002,128.809998,126.32,127.5,5102400
2016-05-23,127.400002,128.410004,125.879997,127.580002,3977700
2016-05-20,129.130005,129.25,127.209999,127.389999,3297700
2016-05-19,130.240005,130.429993,127.089996,128.080002,5061600
2016-05-18,132.449997,133.179993,130.339996,130.990005,4060400
2016-05-17,133.619995,134.490005,131.960007,132.559998,4032000
2016-05-16,131.630005,134.410004,131.550003,134.139999,3165400
2016-05-13,133.740005,134.940002,131.910004,132.119995,3965900
2016-05-12,133.490005,135.039993,133.490005,134.419998,4591300
2016-05-11,133.809998,134.990005,132.940002,133,3284100
2016-05-10,133.179993,135.240005,132.789993,134.720001,3382700
2016-05-09,132.800003,133.809998,131.820007,132.100006,3431100
2016-05-06,132.110001,133.630005,131.759995,133.259995,2466000
2016-05-05,131.729996,132.639999,131.119995,132.080002,4199200
2016-05-04,131.589996,132.309998,130.529999,130.889999,3340500
2016-05-03,132.699997,133.309998,131.460007,132.490005,4028700
2016-05-02,134.380005,135,133.229996,134.009995,3703800
2016-04-29,134.419998,135.229996,132.809998,134.800003,3716700
2016-04-28,136.289993,137.720001,134.5,134.800003,4938800
2016-04-27,133.199997,137.889999,131.949997,137.080002,6930800
2016-04-26,131.25,133.270004,131.059998,133.240005,6103400
2016-04-25,130.449997,131,129.309998,130.75,4600100
2016-04-22,131.089996,131.830002,130.5,131.050003,3858100
2016-04-21,130.979996,132.639999,130.300003,130.740005,4799600
2016-04-20,128.550003,131.360001,128.490005,130.570007,6799000
2016-04-19,132.570007,133.850006,132.210007,132.679993,2931000
2016-04-18,131.130005,132.25,130.320007,131.970001,3056000
2016-04-15,130.949997,131.600006,130.679993,131.130005,5008700
2016-04-14,131.5,131.949997,130.529999,130.850006,4527600
2016-04-13,130.490005,131.5,129.809998,131.139999,3514800
2016-04-12,127.620003,130.380005,126.68,129.470001,4239200
2016-04-11,128.25,129.899994,127.68,127.910004,3611700
